[
    {
        
        "name":"Angree Bird",
        "price":20000
        
    },
    {
      
        "name":"Car racing",
        "price":400
       
    
    },
    {
   
        "name":"Pool Table",
        "price":450
       
    
    },
    {
        
        "name":"Teen Patti",
        "price":500
        
    
    },
    {
        
        "name":"Carom",
        "price":150
       
    
    },
    {

        "name":"CardReader",
        "price":200
       
    
    }
    
    
    ]